-- MySQL dump 10.13  Distrib 5.5.16, for Win64 (x86)
--
-- Host: localhost    Database: domain_checker
-- ------------------------------------------------------
-- Server version	5.5.16-log

/*!40101 SET @OLD_CHARACTER_SET_CLIENT=@@CHARACTER_SET_CLIENT */;
/*!40101 SET @OLD_CHARACTER_SET_RESULTS=@@CHARACTER_SET_RESULTS */;
/*!40101 SET @OLD_COLLATION_CONNECTION=@@COLLATION_CONNECTION */;
/*!40101 SET NAMES utf8 */;
/*!40103 SET @OLD_TIME_ZONE=@@TIME_ZONE */;
/*!40103 SET TIME_ZONE='+00:00' */;
/*!40014 SET @OLD_UNIQUE_CHECKS=@@UNIQUE_CHECKS, UNIQUE_CHECKS=0 */;
/*!40014 SET @OLD_FOREIGN_KEY_CHECKS=@@FOREIGN_KEY_CHECKS, FOREIGN_KEY_CHECKS=0 */;
/*!40101 SET @OLD_SQL_MODE=@@SQL_MODE, SQL_MODE='NO_AUTO_VALUE_ON_ZERO' */;
/*!40111 SET @OLD_SQL_NOTES=@@SQL_NOTES, SQL_NOTES=0 */;

--
-- Dumping data for table `checks`
--

LOCK TABLES `checks` WRITE;
/*!40000 ALTER TABLE `checks` DISABLE KEYS */;
INSERT INTO `checks` (`id`, `status`, `created`, `project_id`) VALUES (1,'OK','2012-03-26 04:22:33',3),(2,'OK','2012-03-26 04:22:33',3),(3,'OK','2012-03-26 04:22:34',4),(4,'OK','2012-03-26 04:22:34',4),(5,'OK','2012-03-26 04:22:34',6),(6,'OK','2012-03-26 04:22:35',6),(7,'OK','2012-03-26 04:22:35',3),(8,'OK','2012-03-26 04:22:35',7),(9,'OK','2012-03-26 04:22:35',4),(10,'OK','2012-03-26 04:22:36',6),(11,'OK','2012-03-26 04:22:36',8),(12,'OK','2012-03-26 04:22:37',7),(13,'OK','2012-03-26 04:22:37',7),(14,'OK','2012-03-26 04:22:37',8),(15,'OK','2012-03-26 04:22:37',1),(16,'OK','2012-03-26 04:22:38',1),(17,'OK','2012-03-26 04:22:38',8),(18,'OK','2012-03-26 04:22:39',1),(19,'OK','2012-03-26 04:22:39',1),(20,'OK','2012-03-26 04:22:39',5),(21,'OK','2012-03-26 04:22:40',1),(22,'OK','2012-03-26 04:22:40',5),(23,'OK','2012-03-26 04:22:40',1),(24,'OK','2012-03-26 04:22:41',5),(25,'OK','2012-03-26 04:23:03',3),(26,'OK','2012-03-26 04:23:04',3),(27,'OK','2012-03-26 04:23:05',4),(28,'OK','2012-03-26 04:23:05',4),(29,'OK','2012-03-26 04:23:05',6),(30,'OK','2012-03-26 04:23:06',3),(31,'OK','2012-03-26 04:23:06',3),(32,'OK','2012-03-26 04:23:06',4),(33,'OK','2012-03-26 04:23:06',6),(34,'OK','2012-03-26 04:23:07',6),(35,'OK','2012-03-26 04:23:07',3),(36,'OK','2012-03-26 04:23:08',7),(37,'OK','2012-03-26 04:23:08',7),(38,'OK','2012-03-26 04:23:08',4),(39,'OK','2012-03-26 04:23:09',4),(40,'OK','2012-03-26 04:23:09',8),(41,'OK','2012-03-26 04:23:09',1),(42,'OK','2012-03-26 04:23:09',8),(43,'OK','2012-03-26 04:23:10',1),(44,'OK','2012-03-26 04:23:11',5),(45,'OK','2012-03-26 04:23:11',7),(46,'OK','2012-03-26 04:23:11',6),(47,'OK','2012-03-26 04:23:13',1),(48,'OK','2012-03-26 04:23:13',6),(49,'OK','2012-03-26 04:23:14',8),(50,'OK','2012-03-26 04:23:14',8),(51,'OK','2012-03-26 04:23:15',7),(52,'OK','2012-03-26 04:23:15',1),(53,'OK','2012-03-26 04:23:16',8),(54,'OK','2012-03-26 04:23:16',5),(55,'OK','2012-03-26 04:23:17',1),(56,'OK','2012-03-26 04:23:18',3),(57,'OK','2012-03-26 04:23:19',4),(58,'OK','2012-03-26 04:23:19',6),(59,'OK','2012-03-26 04:23:20',7),(60,'OK','2012-03-26 04:23:20',8),(61,'ERROR','2012-03-26 04:23:26',9),(62,'OK','2012-03-26 04:23:26',1),(63,'OK','2012-03-26 04:23:27',1),(64,'OK','2012-03-26 04:23:27',5),(65,'OK','2012-03-26 04:23:36',3),(66,'OK','2012-03-26 04:23:36',4),(67,'OK','2012-03-26 04:23:36',3),(68,'OK','2012-03-26 04:23:37',6),(69,'OK','2012-03-26 04:23:37',4),(70,'OK','2012-03-26 04:23:38',7),(71,'OK','2012-03-26 04:23:38',6),(72,'OK','2012-03-26 04:23:39',8),(73,'OK','2012-03-26 04:23:39',7),(74,'OK','2012-03-26 04:23:40',1),(75,'OK','2012-03-26 04:23:41',8),(76,'OK','2012-03-26 04:23:41',1),(77,'OK','2012-03-26 04:23:42',5),(78,'OK','2012-03-26 04:23:42',1),(79,'OK','2012-03-26 04:23:43',1),(80,'OK','2012-03-26 04:23:43',5),(81,'OK','2012-03-26 04:23:49',3),(82,'OK','2012-03-26 04:23:49',4),(83,'OK','2012-03-26 04:23:50',6),(84,'OK','2012-03-26 04:23:51',7),(85,'OK','2012-03-26 04:23:51',8),(86,'ERROR','2012-03-26 04:24:01',9),(87,'OK','2012-03-26 04:24:02',1),(88,'OK','2012-03-26 04:24:02',1),(89,'OK','2012-03-26 04:24:03',5),(90,'OK','2012-03-26 04:24:06',3),(91,'OK','2012-03-26 04:24:06',4),(92,'OK','2012-03-26 04:24:06',3),(93,'OK','2012-03-26 04:24:07',3),(94,'OK','2012-03-26 04:24:07',6),(95,'OK','2012-03-26 04:24:07',4),(96,'OK','2012-03-26 04:24:08',4),(97,'OK','2012-03-26 04:24:08',3),(98,'OK','2012-03-26 04:24:09',7),(99,'OK','2012-03-26 04:24:09',6),(100,'OK','2012-03-26 04:24:09',6),(101,'OK','2012-03-26 04:24:10',4),(102,'OK','2012-03-26 04:24:10',8),(103,'OK','2012-03-26 04:24:11',7),(104,'OK','2012-03-26 04:24:12',7),(105,'OK','2012-03-26 04:24:13',6),(106,'OK','2012-03-26 04:24:13',1),(107,'OK','2012-03-26 04:24:14',8),(108,'OK','2012-03-26 04:24:15',8),(109,'OK','2012-03-26 04:24:15',1),(110,'OK','2012-03-26 04:24:16',5),(111,'OK','2012-03-26 04:24:17',7),(112,'OK','2012-03-26 04:24:17',1),(113,'OK','2012-03-26 04:24:18',1),(114,'OK','2012-03-26 04:24:19',1),(115,'OK','2012-03-26 04:24:19',3),(116,'OK','2012-03-26 04:24:19',4),(117,'OK','2012-03-26 04:24:19',8),(118,'OK','2012-03-26 04:24:20',5),(119,'OK','2012-03-26 04:24:20',3),(120,'OK','2012-03-26 04:24:20',6),(121,'OK','2012-03-26 04:24:21',1),(122,'OK','2012-03-26 04:24:21',4),(123,'OK','2012-03-26 04:24:21',5),(124,'OK','2012-03-26 04:24:22',6),(125,'OK','2012-03-26 04:24:22',1),(126,'OK','2012-03-26 04:24:22',7),(127,'OK','2012-03-26 04:24:23',1),(128,'OK','2012-03-26 04:24:23',8),(129,'OK','2012-03-26 04:24:23',5),(130,'OK','2012-03-26 04:24:24',7),(131,'OK','2012-03-26 04:24:24',8),(132,'ERROR','2012-03-26 04:24:31',9),(133,'OK','2012-03-26 04:24:32',1),(134,'OK','2012-03-26 04:24:32',1),(135,'OK','2012-03-26 04:24:33',5),(136,'OK','2012-03-26 04:24:36',3),(137,'OK','2012-03-26 04:24:36',4),(138,'OK','2012-03-26 04:24:36',3),(139,'OK','2012-03-26 04:24:37',3),(140,'OK','2012-03-26 04:24:37',3),(141,'OK','2012-03-26 04:24:37',6),(142,'OK','2012-03-26 04:24:38',4),(143,'OK','2012-03-26 04:24:38',4),(144,'OK','2012-03-26 04:24:38',4),(145,'OK','2012-03-26 04:24:39',3),(146,'OK','2012-03-26 04:24:39',3),(147,'OK','2012-03-26 04:24:40',7),(148,'OK','2012-03-26 04:24:40',3),(149,'OK','2012-03-26 04:24:40',6),(150,'OK','2012-03-26 04:24:41',6),(151,'OK','2012-03-26 04:24:41',4),(152,'OK','2012-03-26 04:24:41',6),(153,'OK','2012-03-26 04:24:42',4),(154,'OK','2012-03-26 04:24:45',8),(155,'OK','2012-03-26 04:24:45',4),(156,'OK','2012-03-26 04:24:46',3),(157,'OK','2012-03-26 04:24:46',4),(158,'OK','2012-03-26 04:24:46',7),(159,'OK','2012-03-26 04:24:47',6),(160,'OK','2012-03-26 04:24:47',7),(161,'OK','2012-03-26 04:24:47',7),(162,'OK','2012-03-26 04:24:47',6),(163,'OK','2012-03-26 04:24:48',3),(164,'OK','2012-03-26 04:24:48',8),(165,'OK','2012-03-26 04:24:49',1),(166,'OK','2012-03-26 04:24:50',8),(167,'OK','2012-03-26 04:24:50',7),(168,'OK','2012-03-26 04:24:51',8),(169,'OK','2012-03-26 04:24:52',1),(170,'OK','2012-03-26 04:24:52',6),(171,'OK','2012-03-26 04:24:52',5),(172,'OK','2012-03-26 04:24:53',7),(173,'ERROR','2012-03-26 04:24:54',9),(174,'OK','2012-03-26 04:24:54',6),(175,'OK','2012-03-26 04:24:54',4),(176,'OK','2012-03-26 04:24:54',1),(177,'OK','2012-03-26 04:24:55',1),(178,'OK','2012-03-26 04:24:55',1),(179,'OK','2012-03-26 04:24:56',5),(180,'OK','2012-03-26 04:24:56',1),(181,'OK','2012-03-26 04:24:56',8),(182,'OK','2012-03-26 04:24:57',1),(183,'OK','2012-03-26 04:24:58',8),(184,'OK','2012-03-26 04:24:58',5),(185,'OK','2012-03-26 04:24:59',7),(186,'OK','2012-03-26 04:24:59',1),(187,'OK','2012-03-26 04:25:00',5),(188,'OK','2012-03-26 04:25:00',1),(189,'OK','2012-03-26 04:25:01',7),(190,'OK','2012-03-26 04:25:01',6),(191,'OK','2012-03-26 04:25:02',1),(192,'OK','2012-03-26 04:25:03',5),(193,'OK','2012-03-26 04:25:03',1),(194,'OK','2012-03-26 04:25:04',8),(195,'OK','2012-03-26 04:25:05',8),(196,'OK','2012-03-26 04:25:06',1),(197,'OK','2012-03-26 04:25:06',5),(198,'OK','2012-03-26 04:25:07',7),(199,'OK','2012-03-26 04:25:07',1),(200,'OK','2012-03-26 04:25:08',1),(201,'OK','2012-03-26 04:25:08',1),(202,'OK','2012-03-26 04:25:09',8),(203,'OK','2012-03-26 04:25:10',5),(204,'OK','2012-03-26 04:25:10',1),(205,'OK','2012-03-26 04:25:11',5),(206,'OK','2012-03-26 04:25:11',1),(207,'OK','2012-03-26 04:25:12',1),(208,'OK','2012-03-26 04:25:12',5),(209,'OK','2012-03-26 04:25:13',3),(210,'OK','2012-03-26 04:25:13',4),(211,'OK','2012-03-26 04:25:14',3),(212,'OK','2012-03-26 04:25:14',3),(213,'OK','2012-03-26 04:25:15',3),(214,'OK','2012-03-26 04:25:15',3),(215,'OK','2012-03-26 04:25:15',6),(216,'OK','2012-03-26 04:25:16',4),(217,'OK','2012-03-26 04:25:16',3),(218,'OK','2012-03-26 04:25:16',4),(219,'OK','2012-03-26 04:25:17',4),(220,'OK','2012-03-26 04:25:17',4),(221,'OK','2012-03-26 04:25:17',6),(222,'OK','2012-03-26 04:25:17',4),(223,'OK','2012-03-26 04:25:18',3),(224,'OK','2012-03-26 04:25:18',3),(225,'OK','2012-03-26 04:25:19',7),(226,'OK','2012-03-26 04:25:19',7),(227,'OK','2012-03-26 04:25:19',8),(228,'OK','2012-03-26 04:25:20',3),(229,'OK','2012-03-26 04:25:20',3),(230,'OK','2012-03-26 04:25:20',6),(231,'OK','2012-03-26 04:25:21',6),(232,'OK','2012-03-26 04:25:21',4),(233,'OK','2012-03-26 04:25:22',3),(234,'OK','2012-03-26 04:25:22',6),(235,'OK','2012-03-26 04:25:22',3),(236,'OK','2012-03-26 04:25:23',4),(237,'OK','2012-03-26 04:25:23',6),(238,'OK','2012-03-26 04:25:24',8),(239,'OK','2012-03-26 04:25:24',4),(240,'OK','2012-03-26 04:25:25',7),(241,'OK','2012-03-26 04:25:26',7),(242,'OK','2012-03-26 04:25:26',4),(243,'OK','2012-03-26 04:25:27',6),(244,'OK','2012-03-26 04:25:27',3),(245,'OK','2012-03-26 04:25:28',4),(246,'OK','2012-03-26 04:25:29',1),(247,'OK','2012-03-26 04:25:29',4),(248,'ERROR','2012-03-26 04:25:29',9),(249,'OK','2012-03-26 04:25:30',8),(250,'OK','2012-03-26 04:25:30',1),(251,'OK','2012-03-26 04:25:30',7),(252,'OK','2012-03-26 04:25:31',1),(253,'OK','2012-03-26 04:25:31',5),(254,'OK','2012-03-26 04:25:31',8),(255,'OK','2012-03-26 04:25:31',3),(256,'OK','2012-03-26 04:25:32',1),(257,'OK','2012-03-26 04:25:32',6),(258,'OK','2012-03-26 04:25:33',3),(259,'OK','2012-03-26 04:25:33',5),(260,'OK','2012-03-26 04:25:34',7),(261,'OK','2012-03-26 04:25:34',6),(262,'OK','2012-03-26 04:25:35',7),(263,'OK','2012-03-26 04:25:35',4),(264,'OK','2012-03-26 04:25:36',1),(265,'OK','2012-03-26 04:25:37',3),(266,'OK','2012-03-26 04:25:37',1),(267,'OK','2012-03-26 04:25:38',6),(268,'OK','2012-03-26 04:25:38',6),(269,'OK','2012-03-26 04:25:39',8),(270,'OK','2012-03-26 04:25:40',5),(271,'OK','2012-03-26 04:25:40',8),(272,'OK','2012-03-26 04:25:41',1),(273,'OK','2012-03-26 04:25:41',4),(274,'OK','2012-03-26 04:25:42',7),(275,'OK','2012-03-26 04:25:43',1),(276,'OK','2012-03-26 04:25:43',6),(277,'OK','2012-03-26 04:25:44',5),(278,'OK','2012-03-26 04:25:44',4),(279,'OK','2012-03-26 04:25:45',1),(280,'OK','2012-03-26 04:25:45',7),(281,'OK','2012-03-26 04:25:46',6),(282,'OK','2012-03-26 04:25:46',1),(283,'OK','2012-03-26 04:25:47',5),(284,'OK','2012-03-26 04:25:47',1),(285,'OK','2012-03-26 04:25:48',8),(286,'OK','2012-03-26 04:25:49',8),(287,'OK','2012-03-26 04:25:50',8),(288,'OK','2012-03-26 04:25:50',1),(289,'OK','2012-03-26 04:25:51',4),(290,'OK','2012-03-26 04:25:51',5),(291,'OK','2012-03-26 04:25:52',7),(292,'OK','2012-03-26 04:25:52',7),(293,'OK','2012-03-26 04:25:53',7),(294,'OK','2012-03-26 04:25:54',1),(295,'OK','2012-03-26 04:25:54',6),(296,'OK','2012-03-26 04:25:55',1),(297,'OK','2012-03-26 04:25:55',3),(298,'OK','2012-03-26 04:25:56',1),(299,'OK','2012-03-26 04:25:56',3),(300,'OK','2012-03-26 04:25:56',1),(301,'OK','2012-03-26 04:25:56',4),(302,'OK','2012-03-26 04:25:57',6),(303,'OK','2012-03-26 04:25:57',8),(304,'OK','2012-03-26 04:25:58',7),(305,'OK','2012-03-26 04:25:58',8),(306,'OK','2012-03-26 04:25:59',5),(307,'OK','2012-03-26 04:25:59',8),(308,'OK','2012-03-26 04:25:59',7),(309,'OK','2012-03-26 04:26:00',1),(310,'OK','2012-03-26 04:26:00',3),(311,'OK','2012-03-26 04:26:01',8),(312,'OK','2012-03-26 04:26:01',4),(313,'OK','2012-03-26 04:26:01',5),(314,'OK','2012-03-26 04:26:01',6),(315,'OK','2012-03-26 04:26:02',1),(316,'OK','2012-03-26 04:26:02',7),(317,'OK','2012-03-26 04:26:02',6),(318,'OK','2012-03-26 04:26:03',8),(319,'OK','2012-03-26 04:26:03',1),(320,'OK','2012-03-26 04:26:03',5),(321,'OK','2012-03-26 04:26:04',1),(322,'OK','2012-03-26 04:26:04',5),(323,'OK','2012-03-26 04:26:05',7),(324,'OK','2012-03-26 04:26:05',6),(325,'OK','2012-03-26 04:26:06',4),(326,'OK','2012-03-26 04:26:06',1),(327,'OK','2012-03-26 04:26:07',1),(328,'OK','2012-03-26 04:26:08',8),(329,'ERROR','2012-03-26 04:26:08',9),(330,'OK','2012-03-26 04:26:08',1),(331,'OK','2012-03-26 04:26:09',1),(332,'OK','2012-03-26 04:26:09',8),(333,'OK','2012-03-26 04:26:09',5),(334,'OK','2012-03-26 04:26:09',1),(335,'OK','2012-03-26 04:26:10',5),(336,'OK','2012-03-26 04:26:10',7),(337,'OK','2012-03-26 04:26:11',1),(338,'OK','2012-03-26 04:26:11',5),(339,'OK','2012-03-26 04:26:12',1),(340,'OK','2012-03-26 04:26:12',7),(341,'OK','2012-03-26 04:26:13',6),(342,'OK','2012-03-26 04:26:13',1),(343,'OK','2012-03-26 04:26:14',5),(344,'OK','2012-03-26 04:26:15',1),(345,'OK','2012-03-26 04:26:15',8),(346,'OK','2012-03-26 04:26:16',8),(347,'OK','2012-03-26 04:26:17',3),(348,'OK','2012-03-26 04:26:17',4),(349,'OK','2012-03-26 04:26:17',3),(350,'OK','2012-03-26 04:26:18',1),(351,'OK','2012-03-26 04:26:18',3),(352,'OK','2012-03-26 04:26:19',3),(353,'OK','2012-03-26 04:26:19',3),(354,'OK','2012-03-26 04:26:20',6),(355,'OK','2012-03-26 04:26:20',4),(356,'OK','2012-03-26 04:26:21',4),(357,'OK','2012-03-26 04:26:21',5),(358,'OK','2012-03-26 04:26:21',4),(359,'OK','2012-03-26 04:26:22',4),(360,'OK','2012-03-26 04:26:22',3),(361,'OK','2012-03-26 04:26:22',3),(362,'OK','2012-03-26 04:26:23',7),(363,'OK','2012-03-26 04:26:23',3),(364,'OK','2012-03-26 04:26:24',3),(365,'OK','2012-03-26 04:26:24',7),(366,'OK','2012-03-26 04:26:25',6),(367,'OK','2012-03-26 04:26:25',6),(368,'OK','2012-03-26 04:26:25',4),(369,'OK','2012-03-26 04:26:26',3),(370,'OK','2012-03-26 04:26:26',6),(371,'OK','2012-03-26 04:26:27',1),(372,'OK','2012-03-26 04:26:27',3),(373,'OK','2012-03-26 04:26:27',4),(374,'OK','2012-03-26 04:26:28',6),(375,'OK','2012-03-26 04:26:29',8),(376,'OK','2012-03-26 04:26:29',4),(377,'OK','2012-03-26 04:26:30',7),(378,'OK','2012-03-26 04:26:30',7),(379,'OK','2012-03-26 04:26:30',4),(380,'OK','2012-03-26 04:26:31',6),(381,'OK','2012-03-26 04:26:31',3),(382,'OK','2012-03-26 04:26:32',1),(383,'OK','2012-03-26 04:26:32',4),(384,'OK','2012-03-26 04:26:33',1),(385,'OK','2012-03-26 04:26:33',4),(386,'OK','2012-03-26 04:26:34',8),(387,'OK','2012-03-26 04:26:35',7),(388,'OK','2012-03-26 04:26:35',8),(389,'OK','2012-03-26 04:26:36',3),(390,'OK','2012-03-26 04:26:36',1),(391,'OK','2012-03-26 04:26:37',1),(392,'OK','2012-03-26 04:26:37',6),(393,'OK','2012-03-26 04:26:38',3),(394,'OK','2012-03-26 04:26:38',8),(395,'OK','2012-03-26 04:26:40',5),(396,'OK','2012-03-26 04:26:40',7),(397,'OK','2012-03-26 04:26:41',6),(398,'OK','2012-03-26 04:26:42',7),(399,'OK','2012-03-26 04:26:42',4),(400,'OK','2012-03-26 04:26:43',1),(401,'OK','2012-03-26 04:26:43',3),(402,'OK','2012-03-26 04:26:44',5),(403,'OK','2012-03-26 04:26:44',1),(404,'OK','2012-03-26 04:26:45',6),(405,'OK','2012-03-26 04:26:45',8),(406,'OK','2012-03-26 04:26:46',1),(407,'OK','2012-03-26 04:26:47',1),(408,'OK','2012-03-26 04:26:47',6),(409,'OK','2012-03-26 04:26:48',8),(410,'OK','2012-03-26 04:26:48',5),(411,'OK','2012-03-26 04:26:48',5),(412,'OK','2012-03-26 04:26:48',4),(413,'OK','2012-03-26 04:26:49',7),(414,'OK','2012-03-26 04:26:50',1),(415,'OK','2012-03-26 04:26:50',6),(416,'OK','2012-03-26 04:26:50',1),(417,'OK','2012-03-26 04:26:51',5),(418,'OK','2012-03-26 04:26:51',4),(419,'OK','2012-03-26 04:26:52',1),(420,'OK','2012-03-26 04:26:53',1),(421,'OK','2012-03-26 04:26:53',7),(422,'OK','2012-03-26 04:26:54',5),(423,'OK','2012-03-26 04:26:54',6),(424,'OK','2012-03-26 04:26:54',3),(425,'OK','2012-03-26 04:26:55',1),(426,'OK','2012-03-26 04:26:55',5),(427,'OK','2012-03-26 04:26:56',1),(428,'OK','2012-03-26 04:26:56',4),(429,'OK','2012-03-26 04:26:57',8),(430,'OK','2012-03-26 04:26:57',3),(431,'OK','2012-03-26 04:26:57',3),(432,'OK','2012-03-26 04:26:58',3),(433,'OK','2012-03-26 04:26:58',8),(434,'OK','2012-03-26 04:26:59',3),(435,'OK','2012-03-26 04:26:59',8),(436,'OK','2012-03-26 04:27:00',1),(437,'OK','2012-03-26 04:27:00',4),(438,'OK','2012-03-26 04:27:00',6),(439,'OK','2012-03-26 04:27:01',5),(440,'OK','2012-03-26 04:27:01',4),(441,'OK','2012-03-26 04:27:02',7),(442,'OK','2012-03-26 04:27:03',7),(443,'OK','2012-03-26 04:27:03',4),(444,'OK','2012-03-26 04:27:04',7),(445,'OK','2012-03-26 04:27:04',4),(446,'OK','2012-03-26 04:27:04',1),(447,'OK','2012-03-26 04:27:05',4),(448,'OK','2012-03-26 04:27:05',6),(449,'OK','2012-03-26 04:27:06',1),(450,'OK','2012-03-26 04:27:06',3),(451,'OK','2012-03-26 04:27:06',3),(452,'OK','2012-03-26 04:27:07',1),(453,'OK','2012-03-26 04:27:07',3),(454,'OK','2012-03-26 04:27:08',1),(455,'OK','2012-03-26 04:27:09',8),(456,'OK','2012-03-26 04:27:10',8),(457,'OK','2012-03-26 04:27:10',5),(458,'OK','2012-03-26 04:27:11',7),(459,'OK','2012-03-26 04:27:12',7),(460,'OK','2012-03-26 04:27:12',3),(461,'OK','2012-03-26 04:27:12',3),(462,'OK','2012-03-26 04:27:13',1),(463,'OK','2012-03-26 04:27:14',6),(464,'OK','2012-03-26 04:27:14',8),(465,'OK','2012-03-26 04:27:15',6),(466,'OK','2012-03-26 04:27:15',4),(467,'OK','2012-03-26 04:27:15',5),(468,'OK','2012-03-26 04:27:16',1),(469,'OK','2012-03-26 04:27:16',3),(470,'OK','2012-03-26 04:27:17',6),(471,'OK','2012-03-26 04:27:17',1),(472,'OK','2012-03-26 04:27:18',6),(473,'OK','2012-03-26 04:27:18',5),(474,'OK','2012-03-26 04:27:18',3),(475,'OK','2012-03-26 04:27:29',3),(476,'OK','2012-03-26 04:27:29',5),(477,'OK','2012-03-26 04:27:30',6),(478,'OK','2012-03-26 04:27:30',4),(479,'OK','2012-03-26 04:27:31',7),(480,'OK','2012-03-26 04:27:31',4),(481,'OK','2012-03-26 04:27:32',7),(482,'OK','2012-03-26 04:27:33',1),(483,'OK','2012-03-26 04:27:33',4),(484,'OK','2012-03-26 04:27:34',1),(485,'OK','2012-03-26 04:27:34',8),(486,'OK','2012-03-26 04:27:35',5),(487,'OK','2012-03-26 04:27:35',1),(488,'OK','2012-03-26 04:27:36',7),(489,'OK','2012-03-26 04:27:37',7),(490,'OK','2012-03-26 04:27:37',8),(491,'OK','2012-03-26 04:27:38',3),(492,'OK','2012-03-26 04:27:38',6),(493,'OK','2012-03-26 04:27:39',1),(494,'OK','2012-03-26 04:27:39',1),(495,'OK','2012-03-26 04:27:40',6),(496,'OK','2012-03-26 04:27:40',5),(497,'OK','2012-03-26 04:27:40',3),(498,'OK','2012-03-26 04:27:41',5),(499,'OK','2012-03-26 04:27:41',1),(500,'OK','2012-03-26 04:27:42',7),(501,'OK','2012-03-26 04:27:43',8),(502,'OK','2012-03-26 04:27:43',6),(503,'OK','2012-03-26 04:27:44',8),(504,'OK','2012-03-26 04:27:44',3),(505,'OK','2012-03-26 04:27:45',4),(506,'OK','2012-03-26 04:27:45',3),(507,'OK','2012-03-26 04:27:46',1),(508,'OK','2012-03-26 04:27:46',3),(509,'OK','2012-03-26 04:27:47',7),(510,'OK','2012-03-26 04:27:47',3),(511,'OK','2012-03-26 04:27:48',3),(512,'OK','2012-03-26 04:27:48',6),(513,'OK','2012-03-26 04:27:48',4),(514,'OK','2012-03-26 04:27:49',4),(515,'OK','2012-03-26 04:27:49',5),(516,'OK','2012-03-26 04:27:49',4),(517,'OK','2012-03-26 04:27:50',4),(518,'OK','2012-03-26 04:27:51',4),(519,'OK','2012-03-26 04:27:51',3),(520,'OK','2012-03-26 04:27:52',3),(521,'OK','2012-03-26 04:27:53',7),(522,'OK','2012-03-26 04:27:53',3),(523,'OK','2012-03-26 04:27:53',3),(524,'OK','2012-03-26 04:27:54',7),(525,'OK','2012-03-26 04:27:54',6),(526,'OK','2012-03-26 04:27:55',6),(527,'OK','2012-03-26 04:27:55',4),(528,'OK','2012-03-26 04:27:56',3),(529,'OK','2012-03-26 04:27:56',6),(530,'OK','2012-03-26 04:27:57',1),(531,'OK','2012-03-26 04:27:57',3),(532,'OK','2012-03-26 04:27:58',4),(533,'OK','2012-03-26 04:27:59',1),(534,'OK','2012-03-26 04:29:20',3),(535,'OK','2012-03-26 04:29:20',4),(536,'OK','2012-03-26 04:29:21',6),(537,'OK','2012-03-26 04:29:22',7),(538,'OK','2012-03-26 04:29:22',8),(539,'ERROR','2012-03-26 04:29:28',9),(540,'OK','2012-03-26 04:29:28',1),(541,'OK','2012-03-26 04:29:29',1),(542,'OK','2012-03-26 04:29:29',5),(543,'OK','2012-03-26 04:29:42',3),(544,'OK','2012-03-26 04:29:43',4),(545,'OK','2012-03-26 04:29:43',6),(546,'OK','2012-03-26 04:29:44',7),(547,'OK','2012-03-26 04:29:45',8),(548,'ERROR','2012-03-26 04:29:50',9),(549,'OK','2012-03-26 04:29:51',1),(550,'OK','2012-03-26 04:29:51',1),(551,'OK','2012-03-26 04:29:52',5),(552,'OK','2012-03-26 04:30:13',3),(553,'OK','2012-03-26 04:30:13',4),(554,'OK','2012-03-26 04:30:14',6),(555,'OK','2012-03-26 04:30:15',7),(556,'OK','2012-03-26 04:30:16',8),(557,'ERROR','2012-03-26 04:30:26',9),(558,'OK','2012-03-26 04:30:26',1),(559,'OK','2012-03-26 04:30:27',1),(560,'OK','2012-03-26 04:30:27',5),(561,'OK','2012-03-26 04:30:43',3),(562,'OK','2012-03-26 04:30:43',3),(563,'OK','2012-03-26 04:30:44',4),(564,'OK','2012-03-26 04:30:44',6),(565,'OK','2012-03-26 04:30:45',4),(566,'OK','2012-03-26 04:30:45',6),(567,'OK','2012-03-26 04:30:46',7),(568,'OK','2012-03-26 04:30:46',8),(569,'OK','2012-03-26 04:30:48',7),(570,'OK','2012-03-26 04:30:49',8),(571,'ERROR','2012-03-26 04:30:55',9),(572,'OK','2012-03-26 04:30:56',1),(573,'OK','2012-03-26 04:30:57',1),(574,'OK','2012-03-26 04:30:57',5),(575,'ERROR','2012-03-26 04:31:02',9),(576,'OK','2012-03-26 04:31:03',1),(577,'OK','2012-03-26 04:31:03',1),(578,'OK','2012-03-26 04:31:04',5),(579,'OK','2012-03-26 04:31:13',3),(580,'OK','2012-03-26 04:31:13',4),(581,'OK','2012-03-26 04:31:14',3),(582,'OK','2012-03-26 04:31:14',3),(583,'OK','2012-03-26 04:31:14',6),(584,'OK','2012-03-26 04:31:15',3),(585,'OK','2012-03-26 04:31:15',4),(586,'OK','2012-03-26 04:31:15',4),(587,'OK','2012-03-26 04:31:16',6),(588,'OK','2012-03-26 04:31:16',7),(589,'OK','2012-03-26 04:31:17',6),(590,'OK','2012-03-26 04:31:17',4),(591,'OK','2012-03-26 04:31:18',8),(592,'OK','2012-03-26 04:31:18',7),(593,'OK','2012-03-26 04:31:19',6),(594,'OK','2012-03-26 04:31:19',8),(595,'OK','2012-03-26 04:31:20',7),(596,'OK','2012-03-26 04:31:20',8),(597,'OK','2012-03-26 04:31:21',7),(598,'OK','2012-03-26 04:31:22',8),(599,'ERROR','2012-03-26 04:31:27',9),(600,'OK','2012-03-26 04:31:28',1),(601,'OK','2012-03-26 04:31:28',1),(602,'OK','2012-03-26 04:31:28',5),(603,'ERROR','2012-03-26 04:31:34',9),(604,'ERROR','2012-03-26 04:31:39',9),(605,'OK','2012-03-26 04:31:40',1),(606,'OK','2012-03-26 04:31:40',1),(607,'OK','2012-03-26 04:31:41',1),(608,'OK','2012-03-26 04:31:41',5),(609,'OK','2012-03-26 04:31:42',1),(610,'OK','2012-03-26 04:31:43',3),(611,'OK','2012-03-26 04:31:44',4),(612,'OK','2012-03-26 04:31:44',6),(613,'OK','2012-03-26 04:31:45',7),(614,'OK','2012-03-26 04:31:46',8),(615,'ERROR','2012-03-26 04:31:51',9),(616,'OK','2012-03-26 04:31:52',1),(617,'OK','2012-03-26 04:31:52',1),(618,'OK','2012-03-26 04:31:52',5),(619,'OK','2012-03-26 04:32:14',3),(620,'OK','2012-03-26 04:32:14',4),(621,'OK','2012-03-26 04:32:15',6),(622,'OK','2012-03-26 04:32:16',7),(623,'OK','2012-03-26 04:32:17',8),(624,'ERROR','2012-03-26 04:32:26',9),(625,'OK','2012-03-26 04:32:27',1),(626,'OK','2012-03-26 04:32:28',1),(627,'OK','2012-03-26 04:32:28',5),(628,'OK','2012-03-26 04:32:44',3),(629,'OK','2012-03-26 04:32:44',4),(630,'OK','2012-03-26 04:32:45',3),(631,'OK','2012-03-26 04:32:45',4),(632,'OK','2012-03-26 04:32:46',6),(633,'OK','2012-03-26 04:32:46',6),(634,'OK','2012-03-26 04:32:47',7),(635,'OK','2012-03-26 04:32:47',8),(636,'OK','2012-03-26 04:32:48',7),(637,'OK','2012-03-26 04:32:48',8),(638,'ERROR','2012-03-26 04:32:56',9),(639,'OK','2012-03-26 04:32:57',1),(640,'OK','2012-03-26 04:32:58',1),(641,'OK','2012-03-26 04:32:58',5),(642,'ERROR','2012-03-26 04:33:04',9),(643,'OK','2012-03-26 04:33:04',1),(644,'OK','2012-03-26 04:33:05',1),(645,'OK','2012-03-26 04:33:05',5),(646,'OK','2012-03-26 04:33:14',3),(647,'OK','2012-03-26 04:33:14',4),(648,'OK','2012-03-26 04:33:15',3),(649,'OK','2012-03-26 04:33:15',3),(650,'OK','2012-03-26 04:33:15',4),(651,'OK','2012-03-26 04:33:16',4),(652,'OK','2012-03-26 04:33:16',6),(653,'OK','2012-03-26 04:33:16',3),(654,'OK','2012-03-26 04:33:17',6),(655,'OK','2012-03-26 04:33:17',4),(656,'OK','2012-03-26 04:33:17',7),(657,'OK','2012-03-26 04:33:18',6),(658,'OK','2012-03-26 04:33:18',8),(659,'OK','2012-03-26 04:33:19',6),(660,'OK','2012-03-26 04:33:19',7),(661,'OK','2012-03-26 04:33:20',7),(662,'OK','2012-03-26 04:33:21',8),(663,'OK','2012-03-26 04:33:22',8),(664,'OK','2012-03-26 04:33:23',7),(665,'OK','2012-03-26 04:33:23',8),(666,'ERROR','2012-03-26 04:33:29',9),(667,'OK','2012-03-26 04:33:29',1),(668,'OK','2012-03-26 04:33:30',1),(669,'OK','2012-03-26 04:33:30',5),(670,'ERROR','2012-03-26 04:33:35',9),(671,'ERROR','2012-03-26 04:33:41',9),(672,'OK','2012-03-26 04:33:41',1),(673,'OK','2012-03-26 04:33:42',1),(674,'OK','2012-03-26 04:33:43',1),(675,'OK','2012-03-26 04:33:43',1),(676,'OK','2012-03-26 04:33:44',5),(677,'OK','2012-03-26 04:33:44',5),(678,'ERROR','2012-03-26 04:33:49',9),(679,'OK','2012-03-26 04:33:50',1),(680,'OK','2012-03-26 04:33:51',1),(681,'OK','2012-03-26 04:33:51',5),(682,'OK','2012-03-26 04:33:51',3),(683,'OK','2012-03-26 04:33:52',4),(684,'OK','2012-03-26 04:33:52',3),(685,'OK','2012-03-26 04:33:52',3),(686,'OK','2012-03-26 04:33:53',3),(687,'OK','2012-03-26 04:33:53',4),(688,'OK','2012-03-26 04:33:53',4),(689,'OK','2012-03-26 04:33:54',4),(690,'OK','2012-03-26 04:33:54',6),(691,'OK','2012-03-26 04:33:54',3),(692,'OK','2012-03-26 04:33:54',3),(693,'OK','2012-03-26 04:33:55',6),(694,'OK','2012-03-26 04:33:55',3),(695,'OK','2012-03-26 04:33:55',4),(696,'OK','2012-03-26 04:33:56',7),(697,'OK','2012-03-26 04:33:56',4),(698,'OK','2012-03-26 04:33:57',4),(699,'OK','2012-03-26 04:33:57',6),(700,'OK','2012-03-26 04:33:58',8),(701,'OK','2012-03-26 04:33:58',6),(702,'OK','2012-03-26 04:33:59',7),(703,'OK','2012-03-26 04:33:59',6),(704,'OK','2012-03-26 04:33:59',3),(705,'OK','2012-03-26 04:34:00',6),(706,'OK','2012-03-26 04:34:00',7),(707,'OK','2012-03-26 04:34:01',8),(708,'OK','2012-03-26 04:34:02',4),(709,'OK','2012-03-26 04:34:02',8),(710,'OK','2012-03-26 04:34:03',7),(711,'OK','2012-03-26 04:34:03',6),(712,'OK','2012-03-26 04:34:04',7),(713,'OK','2012-03-26 04:34:05',8),(714,'OK','2012-03-26 04:34:06',8),(715,'OK','2012-03-26 04:34:06',6),(716,'OK','2012-03-26 04:34:07',7),(717,'OK','2012-03-26 04:34:07',7),(718,'ERROR','2012-03-26 04:34:13',9),(719,'OK','2012-03-26 04:34:13',8),(720,'OK','2012-03-26 04:34:14',1),(721,'OK','2012-03-26 04:34:14',8),(722,'OK','2012-03-26 04:34:15',1),(723,'OK','2012-03-26 04:34:15',5),(724,'OK','2012-03-26 04:34:16',7),(725,'OK','2012-03-26 04:34:17',8),(726,'ERROR','2012-03-26 04:34:22',9),(727,'ERROR','2012-03-26 04:34:27',9),(728,'OK','2012-03-26 04:34:28',1),(729,'OK','2012-03-26 04:34:29',1),(730,'OK','2012-03-26 04:34:29',1),(731,'OK','2012-03-26 04:34:30',1),(732,'OK','2012-03-26 04:34:30',5),(733,'OK','2012-03-26 04:34:31',5),(734,'ERROR','2012-03-26 04:34:36',9),(735,'OK','2012-03-26 04:34:36',1),(736,'OK','2012-03-26 04:34:37',1),(737,'OK','2012-03-26 04:34:37',5),(738,'ERROR','2012-03-26 04:34:43',9),(739,'OK','2012-03-26 04:34:43',1),(740,'OK','2012-03-26 04:34:44',1),(741,'OK','2012-03-26 04:34:44',5),(742,'ERROR','2012-03-26 04:34:49',9),(743,'ERROR','2012-03-26 04:34:55',9),(744,'OK','2012-03-26 04:34:55',1),(745,'OK','2012-03-26 04:34:56',1),(746,'OK','2012-03-26 04:34:57',1),(747,'OK','2012-03-26 04:34:57',1),(748,'OK','2012-03-26 04:34:58',3),(749,'OK','2012-03-26 04:34:58',5),(750,'OK','2012-03-26 04:34:58',4),(751,'OK','2012-03-26 04:34:58',3),(752,'OK','2012-03-26 04:34:59',3),(753,'OK','2012-03-26 04:34:59',3),(754,'OK','2012-03-26 04:34:59',5),(755,'OK','2012-03-26 04:35:00',4),(756,'OK','2012-03-26 04:35:00',4),(757,'OK','2012-03-26 04:35:00',4),(758,'OK','2012-03-26 04:35:01',6),(759,'OK','2012-03-26 04:35:01',3),(760,'OK','2012-03-26 04:35:01',3),(761,'OK','2012-03-26 04:35:02',6),(762,'OK','2012-03-26 04:35:02',3),(763,'OK','2012-03-26 04:35:02',4),(764,'OK','2012-03-26 04:35:03',7),(765,'OK','2012-03-26 04:35:03',4),(766,'OK','2012-03-26 04:35:04',4),(767,'OK','2012-03-26 04:35:04',6),(768,'OK','2012-03-26 04:35:05',8),(769,'OK','2012-03-26 04:35:05',6),(770,'OK','2012-03-26 04:35:06',7),(771,'OK','2012-03-26 04:35:06',6),(772,'OK','2012-03-26 04:35:07',3),(773,'OK','2012-03-26 04:35:07',6),(774,'OK','2012-03-26 04:35:08',7),(775,'OK','2012-03-26 04:35:08',8),(776,'OK','2012-03-26 04:35:09',4),(777,'OK','2012-03-26 04:35:09',8),(778,'OK','2012-03-26 04:35:10',7),(779,'OK','2012-03-26 04:35:10',6),(780,'OK','2012-03-26 04:35:11',7),(781,'OK','2012-03-26 04:35:12',8),(782,'OK','2012-03-26 04:35:12',8),(783,'OK','2012-03-26 04:35:13',6),(784,'OK','2012-03-26 04:35:13',7),(785,'ERROR','2012-03-26 04:35:19',9),(786,'OK','2012-03-26 04:35:19',7),(787,'OK','2012-03-26 04:35:20',1),(788,'OK','2012-03-26 04:35:21',1),(789,'OK','2012-03-26 04:35:21',5),(790,'ERROR','2012-03-26 04:35:26',9),(791,'OK','2012-03-26 04:35:27',3),(792,'OK','2012-03-26 04:35:27',8),(793,'OK','2012-03-26 04:35:28',1),(794,'OK','2012-03-26 04:35:29',4),(795,'OK','2012-03-26 04:35:29',3),(796,'OK','2012-03-26 04:35:30',8),(797,'OK','2012-03-26 04:35:30',1),(798,'OK','2012-03-26 04:35:31',3),(799,'OK','2012-03-26 04:35:31',5),(800,'OK','2012-03-26 04:35:31',3),(801,'OK','2012-03-26 04:35:32',7),(802,'OK','2012-03-26 04:35:32',4),(803,'OK','2012-03-26 04:35:33',4),(804,'OK','2012-03-26 04:35:33',8),(805,'OK','2012-03-26 04:35:34',4),(806,'OK','2012-03-26 04:35:34',6),(807,'OK','2012-03-26 04:35:34',3),(808,'OK','2012-03-26 04:35:35',3),(809,'OK','2012-03-26 04:35:35',6),(810,'OK','2012-03-26 04:35:35',3),(811,'OK','2012-03-26 04:35:36',4),(812,'OK','2012-03-26 04:35:36',7),(813,'OK','2012-03-26 04:35:36',4),(814,'ERROR','2012-03-26 04:35:42',9),(815,'ERROR','2012-03-26 04:35:47',9),(816,'OK','2012-03-26 04:35:47',4),(817,'OK','2012-03-26 04:35:48',6),(818,'OK','2012-03-26 04:35:48',1),(819,'OK','2012-03-26 04:35:49',1),(820,'OK','2012-03-26 04:35:50',8),(821,'OK','2012-03-26 04:35:51',1),(822,'OK','2012-03-26 04:35:51',1),(823,'OK','2012-03-26 04:35:52',6),(824,'OK','2012-03-26 04:35:52',5),(825,'OK','2012-03-26 04:35:52',5),(826,'OK','2012-03-26 04:35:53',7),(827,'ERROR','2012-03-26 04:35:58',9),(828,'OK','2012-03-26 04:35:59',6),(829,'OK','2012-03-26 04:35:59',3),(830,'OK','2012-03-26 04:36:00',1),(831,'OK','2012-03-26 04:36:00',6),(832,'OK','2012-03-26 04:36:01',1),(833,'OK','2012-03-26 04:36:01',5),(834,'OK','2012-03-26 04:36:02',7),(835,'OK','2012-03-26 04:36:02',8),(836,'OK','2012-03-26 04:36:03',4),(837,'OK','2012-03-26 04:36:03',8),(838,'OK','2012-03-26 04:36:04',7),(839,'OK','2012-03-26 04:36:04',6),(840,'ERROR','2012-03-26 04:36:10',9),(841,'OK','2012-03-26 04:36:11',7),(842,'OK','2012-03-26 04:36:11',1),(843,'OK','2012-03-26 04:36:12',8),(844,'OK','2012-03-26 04:36:13',1),(845,'OK','2012-03-26 04:36:13',5),(846,'ERROR','2012-03-26 04:36:19',9),(847,'OK','2012-03-26 04:36:19',8),(848,'OK','2012-03-26 04:36:20',6),(849,'OK','2012-03-26 04:36:20',7),(850,'OK','2012-03-26 04:36:21',7),(851,'ERROR','2012-03-26 04:36:26',9),(852,'OK','2012-03-26 04:36:27',1),(853,'OK','2012-03-26 04:36:28',1),(854,'ERROR','2012-03-26 04:36:33',9),(855,'OK','2012-03-26 04:36:34',1),(856,'OK','2012-03-26 04:36:35',8),(857,'OK','2012-03-26 04:36:35',1),(858,'OK','2012-03-26 04:36:36',3),(859,'OK','2012-03-26 04:36:36',5),(860,'OK','2012-03-26 04:36:36',4),(861,'OK','2012-03-26 04:36:37',1),(862,'OK','2012-03-26 04:36:38',3),(863,'OK','2012-03-26 04:36:38',3),(864,'OK','2012-03-26 04:36:38',3),(865,'OK','2012-03-26 04:36:38',5),(866,'OK','2012-03-26 04:36:39',4),(867,'OK','2012-03-26 04:36:39',4),(868,'OK','2012-03-26 04:36:39',4),(869,'OK','2012-03-26 04:36:40',6),(870,'OK','2012-03-26 04:36:40',8),(871,'OK','2012-03-26 04:36:41',3),(872,'OK','2012-03-26 04:36:41',3),(873,'OK','2012-03-26 04:36:41',6),(874,'OK','2012-03-26 04:36:42',3),(875,'OK','2012-03-26 04:36:42',4),(876,'OK','2012-03-26 04:36:43',1),(877,'OK','2012-03-26 04:36:43',7),(878,'OK','2012-03-26 04:36:44',4),(879,'OK','2012-03-26 04:36:44',5),(880,'OK','2012-03-26 04:36:44',4),(881,'OK','2012-03-26 04:36:44',6),(882,'OK','2012-03-26 04:36:45',8),(883,'OK','2012-03-26 04:36:45',6),(884,'OK','2012-03-26 04:36:46',7),(885,'OK','2012-03-26 04:36:46',6),(886,'OK','2012-03-26 04:36:47',7),(887,'OK','2012-03-26 04:36:47',3),(888,'OK','2012-03-26 04:36:48',6),(889,'OK','2012-03-26 04:36:48',7),(890,'OK','2012-03-26 04:36:49',8),(891,'OK','2012-03-26 04:36:49',8),(892,'OK','2012-03-26 04:36:50',4),(893,'OK','2012-03-26 04:36:50',8),(894,'OK','2012-03-26 04:36:51',7),(895,'OK','2012-03-26 04:36:51',6),(896,'OK','2012-03-26 04:36:52',7),(897,'OK','2012-03-26 04:36:54',8),(898,'OK','2012-03-26 04:36:55',8),(899,'OK','2012-03-26 04:36:56',6),(900,'OK','2012-03-26 04:36:56',7),(901,'ERROR','2012-03-26 04:37:02',9),(902,'OK','2012-03-26 04:37:02',7),(903,'OK','2012-03-26 04:37:03',1),(904,'OK','2012-03-26 04:37:04',1),(905,'OK','2012-03-26 04:37:04',5),(906,'ERROR','2012-03-26 04:37:10',9),(907,'OK','2012-03-26 04:37:10',3),(908,'OK','2012-03-26 04:37:11',8),(909,'OK','2012-03-26 04:37:12',1),(910,'OK','2012-03-26 04:37:12',4),(911,'OK','2012-03-26 04:37:12',3),(912,'OK','2012-03-26 04:37:13',8),(913,'OK','2012-03-26 04:37:14',1),(914,'ERROR','2012-03-26 04:37:19',9),(915,'OK','2012-03-26 04:37:19',3),(916,'OK','2012-03-26 04:37:20',5),(917,'OK','2012-03-26 04:37:20',3),(918,'OK','2012-03-26 04:37:21',7),(919,'OK','2012-03-26 04:37:21',4),(920,'OK','2012-03-26 04:37:21',4),(921,'OK','2012-03-26 04:37:22',8),(922,'OK','2012-03-26 04:37:22',4),(923,'OK','2012-03-26 04:37:23',6),(924,'OK','2012-03-26 04:37:23',3),(925,'OK','2012-03-26 04:37:23',3),(926,'OK','2012-03-26 04:37:24',6),(927,'OK','2012-03-26 04:37:24',3),(928,'OK','2012-03-26 04:37:24',4),(929,'OK','2012-03-26 04:37:25',7),(930,'OK','2012-03-26 04:37:25',4),(931,'ERROR','2012-03-26 04:37:30',9),(932,'ERROR','2012-03-26 04:37:36',9),(933,'OK','2012-03-26 04:37:36',4),(934,'OK','2012-03-26 04:37:36',6),(935,'OK','2012-03-26 04:37:37',1),(936,'OK','2012-03-26 04:37:38',1),(937,'ERROR','2012-03-26 04:37:43',9),(938,'OK','2012-03-26 04:37:43',8),(939,'OK','2012-03-26 04:37:44',1),(940,'OK','2012-03-26 04:37:45',1),(941,'OK','2012-03-26 04:37:45',6),(942,'OK','2012-03-26 04:37:46',5),(943,'OK','2012-03-26 04:37:46',1),(944,'OK','2012-03-26 04:37:47',5),(945,'OK','2012-03-26 04:37:47',7),(946,'OK','2012-03-26 04:37:48',1),(947,'ERROR','2012-03-26 04:37:53',9),(948,'OK','2012-03-26 04:37:53',6),(949,'OK','2012-03-26 04:37:54',3),(950,'OK','2012-03-26 04:37:54',1),(951,'OK','2012-03-26 04:37:55',1),(952,'OK','2012-03-26 04:37:56',6),(953,'OK','2012-03-26 04:37:56',1),(954,'OK','2012-03-26 04:37:57',1),(955,'OK','2012-03-26 04:37:57',5),(956,'OK','2012-03-26 04:37:58',7),(957,'OK','2012-03-26 04:37:58',5),(958,'OK','2012-03-26 04:37:58',5),(959,'OK','2012-03-26 04:38:02',8),(960,'OK','2012-03-26 04:38:02',4),(961,'OK','2012-03-26 04:38:02',8),(962,'OK','2012-03-26 04:38:03',7),(963,'OK','2012-03-26 04:38:03',6),(964,'ERROR','2012-03-26 04:38:08',9),(965,'OK','2012-03-26 04:38:09',7),(966,'OK','2012-03-26 04:38:09',1),(967,'OK','2012-03-26 04:38:10',8),(968,'OK','2012-03-26 04:38:10',1),(969,'OK','2012-03-26 04:38:11',5),(970,'ERROR','2012-03-26 04:38:16',9),(971,'OK','2012-03-26 04:38:17',8),(972,'ERROR','2012-03-26 04:38:22',9),(973,'OK','2012-03-26 04:38:22',6),(974,'OK','2012-03-26 04:38:23',1),(975,'OK','2012-03-26 04:38:24',7),(976,'OK','2012-03-26 04:38:24',1),(977,'OK','2012-03-26 04:38:25',7),(978,'OK','2012-03-26 04:38:25',5),(979,'ERROR','2012-03-26 04:38:31',9),(980,'OK','2012-03-26 04:38:31',1),(981,'OK','2012-03-26 04:38:32',1),(982,'ERROR','2012-03-26 04:38:37',9),(983,'OK','2012-03-26 04:38:38',1),(984,'ERROR','2012-03-26 04:38:43',9),(985,'OK','2012-03-26 04:38:44',8),(986,'OK','2012-03-26 04:38:45',1),(987,'OK','2012-03-26 04:38:46',1),(988,'OK','2012-03-26 04:38:46',3),(989,'OK','2012-03-26 04:38:46',5),(990,'OK','2012-03-26 04:38:46',4),(991,'OK','2012-03-26 04:38:47',1),(992,'OK','2012-03-26 04:38:48',3),(993,'OK','2012-03-26 04:38:48',3),(994,'OK','2012-03-26 04:38:48',1),(995,'OK','2012-03-26 04:38:49',3),(996,'OK','2012-03-26 04:38:49',5),(997,'OK','2012-03-26 04:38:49',5),(998,'OK','2012-03-26 04:38:50',4),(999,'OK','2012-03-26 04:38:50',4),(1000,'OK','2012-03-26 04:38:50',4),(1001,'OK','2012-03-26 04:38:51',6),(1002,'OK','2012-03-26 04:38:51',8),(1003,'OK','2012-03-26 04:38:52',3),(1004,'OK','2012-03-26 04:38:52',3),(1005,'OK','2012-03-26 04:38:52',6),(1006,'OK','2012-03-26 04:38:53',3),(1007,'OK','2012-03-26 04:38:53',4),(1008,'OK','2012-03-26 04:38:54',1),(1009,'OK','2012-03-26 04:38:56',7),(1010,'OK','2012-03-26 04:38:56',4),(1011,'OK','2012-03-26 04:38:57',5),(1012,'OK','2012-03-26 04:38:57',4),(1013,'OK','2012-03-26 04:38:58',6),(1014,'OK','2012-03-26 04:38:58',8),(1015,'OK','2012-03-26 04:38:58',6),(1016,'OK','2012-03-26 04:38:59',7),(1017,'OK','2012-03-26 04:39:03',6),(1018,'OK','2012-03-26 04:39:03',7),(1019,'OK','2012-03-26 04:39:04',3),(1020,'OK','2012-03-26 04:39:04',6),(1021,'OK','2012-03-26 04:39:05',7),(1022,'OK','2012-03-26 04:39:05',8),(1023,'OK','2012-03-26 04:39:06',8),(1024,'OK','2012-03-26 04:39:06',4),(1025,'OK','2012-03-26 04:39:07',8),(1026,'OK','2012-03-26 04:39:08',7),(1027,'OK','2012-03-26 04:39:08',6),(1028,'OK','2012-03-26 04:39:09',7),(1029,'OK','2012-03-26 04:39:09',8),(1030,'OK','2012-03-26 04:39:10',8),(1031,'OK','2012-03-26 04:39:10',6),(1032,'OK','2012-03-26 04:39:11',7),(1033,'ERROR','2012-03-26 04:39:16',9),(1034,'ERROR','2012-03-26 04:39:22',9),(1035,'OK','2012-03-26 04:39:22',7),(1036,'OK','2012-03-26 04:39:23',1),(1037,'OK','2012-03-26 04:39:24',1),(1038,'OK','2012-03-26 04:39:24',5),(1039,'ERROR','2012-03-26 04:39:29',9),(1040,'OK','2012-03-26 04:39:30',3),(1041,'OK','2012-03-26 04:39:30',8),(1042,'OK','2012-03-26 04:39:31',1),(1043,'OK','2012-03-26 04:39:31',4),(1044,'OK','2012-03-26 04:39:32',3),(1045,'OK','2012-03-26 04:39:32',8),(1046,'OK','2012-03-26 04:39:33',1),(1047,'ERROR','2012-03-26 04:39:38',9),(1048,'OK','2012-03-26 04:39:39',3),(1049,'OK','2012-03-26 04:39:39',5),(1050,'OK','2012-03-26 04:39:40',3),(1051,'OK','2012-03-26 04:39:40',7),(1052,'OK','2012-03-26 04:39:41',4),(1053,'OK','2012-03-26 04:39:41',4),(1054,'OK','2012-03-26 04:39:42',8),(1055,'OK','2012-03-26 04:39:42',4),(1056,'OK','2012-03-26 04:39:42',6),(1057,'OK','2012-03-26 04:39:43',3),(1058,'OK','2012-03-26 04:39:43',3),(1059,'OK','2012-03-26 04:39:43',6),(1060,'ERROR','2012-03-26 04:39:49',9),(1061,'OK','2012-03-26 04:39:49',3),(1062,'OK','2012-03-26 04:39:49',4),(1063,'OK','2012-03-26 04:39:50',1),(1064,'OK','2012-03-26 04:39:51',1),(1065,'OK','2012-03-26 04:39:51',7),(1066,'OK','2012-03-26 04:39:52',4),(1067,'ERROR','2012-03-26 04:39:57',9),(1068,'ERROR','2012-03-26 04:40:02',9),(1069,'OK','2012-03-26 04:40:03',1),(1070,'OK','2012-03-26 04:40:03',4),(1071,'OK','2012-03-26 04:40:04',6),(1072,'OK','2012-03-26 04:40:04',1),(1073,'OK','2012-03-26 04:40:05',1),(1074,'OK','2012-03-26 04:40:06',1),(1075,'ERROR','2012-03-26 04:40:11',9),(1076,'OK','2012-03-26 04:40:11',3),(1077,'OK','2012-03-26 04:40:12',8),(1078,'OK','2012-03-26 04:40:13',1),(1079,'OK','2012-03-26 04:40:14',1),(1080,'OK','2012-03-26 04:40:14',5),(1081,'OK','2012-03-26 04:40:14',6),(1082,'OK','2012-03-26 04:40:15',5),(1083,'OK','2012-03-26 04:40:15',1),(1084,'OK','2012-03-26 04:40:16',4),(1085,'OK','2012-03-26 04:40:16',5),(1086,'OK','2012-03-26 04:40:16',3),(1087,'OK','2012-03-26 04:40:17',7),(1088,'OK','2012-03-26 04:40:17',1),(1089,'ERROR','2012-03-26 04:40:23',9),(1090,'OK','2012-03-26 04:40:23',3),(1091,'OK','2012-03-26 04:40:24',6),(1092,'OK','2012-03-26 04:40:24',3),(1093,'OK','2012-03-26 04:40:24',3),(1094,'OK','2012-03-26 04:40:25',1),(1095,'OK','2012-03-26 04:40:26',1),(1096,'OK','2012-03-26 04:40:26',5),(1097,'OK','2012-03-26 04:40:26',6),(1098,'OK','2012-03-26 04:40:26',4),(1099,'OK','2012-03-26 04:40:27',1),(1100,'OK','2012-03-26 04:40:28',1),(1101,'OK','2012-03-26 04:40:28',4),(1102,'OK','2012-03-26 04:40:28',5),(1103,'OK','2012-03-26 04:40:29',7),(1104,'OK','2012-03-26 04:40:29',5),(1105,'OK','2012-03-26 04:40:30',4),(1106,'OK','2012-03-26 04:40:30',5),(1107,'OK','2012-03-26 04:40:32',6),(1108,'OK','2012-03-26 04:40:32',3),(1109,'OK','2012-03-26 04:40:33',3),(1110,'OK','2012-03-26 04:40:33',8),(1111,'OK','2012-03-26 04:40:34',6),(1112,'OK','2012-03-26 04:40:34',4),(1113,'OK','2012-03-26 04:40:34',3),(1114,'OK','2012-03-26 04:40:35',4),(1115,'OK','2012-03-26 04:40:35',8),(1116,'OK','2012-03-26 04:40:36',7),(1117,'OK','2012-03-26 04:40:37',7),(1118,'OK','2012-03-26 04:40:37',6),(1119,'OK','2012-03-26 04:40:37',4),(1120,'ERROR','2012-03-26 04:40:43',9),(1121,'OK','2012-03-26 04:40:43',4),(1122,'OK','2012-03-26 04:40:43',6),(1123,'OK','2012-03-26 04:40:44',7),(1124,'OK','2012-03-26 04:40:45',1),(1125,'OK','2012-03-26 04:40:45',8),(1126,'OK','2012-03-26 04:40:46',8),(1127,'OK','2012-03-26 04:40:47',1),(1128,'OK','2012-03-26 04:40:47',5),(1129,'OK','2012-03-26 04:40:47',6),(1130,'ERROR','2012-03-26 04:40:53',9),(1131,'OK','2012-03-26 04:40:53',8),(1132,'ERROR','2012-03-26 04:40:58',9),(1133,'OK','2012-03-26 04:40:59',6),(1134,'OK','2012-03-26 04:40:59',7),(1135,'OK','2012-03-26 04:41:00',6),(1136,'OK','2012-03-26 04:41:01',1),(1137,'OK','2012-03-26 04:41:01',7),(1138,'OK','2012-03-26 04:41:02',3),(1139,'OK','2012-03-26 04:41:02',6),(1140,'OK','2012-03-26 04:41:02',1),(1141,'OK','2012-03-26 04:41:03',7),(1142,'OK','2012-03-26 04:41:03',5),(1143,'OK','2012-03-26 04:41:04',7),(1144,'OK','2012-03-26 04:41:05',8),(1145,'OK','2012-03-26 04:41:05',4),(1146,'OK','2012-03-26 04:41:06',8),(1147,'OK','2012-03-26 04:41:06',7),(1148,'OK','2012-03-26 04:41:06',6),(1149,'ERROR','2012-03-26 04:41:12',9),(1150,'OK','2012-03-26 04:41:14',7),(1151,'OK','2012-03-26 04:41:15',1),(1152,'OK','2012-03-26 04:41:15',8),(1153,'OK','2012-03-26 04:41:16',1),(1154,'OK','2012-03-26 04:41:17',8),(1155,'ERROR','2012-03-26 04:41:22',9),(1156,'OK','2012-03-26 04:41:23',1),(1157,'OK','2012-03-26 04:41:23',6),(1158,'ERROR','2012-03-26 04:41:29',9),(1159,'OK','2012-03-26 04:41:29',8),(1160,'OK','2012-03-26 04:41:30',1),(1161,'OK','2012-03-26 04:41:31',1),(1162,'OK','2012-03-26 04:41:31',7),(1163,'OK','2012-03-26 04:41:32',3),(1164,'OK','2012-03-26 04:41:32',5),(1165,'OK','2012-03-26 04:41:32',4),(1166,'OK','2012-03-26 04:41:33',1),(1167,'OK','2012-03-26 04:41:33',3),(1168,'OK','2012-03-26 04:41:33',3),(1169,'OK','2012-03-26 04:41:34',1),(1170,'OK','2012-03-26 04:41:34',3),(1171,'OK','2012-03-26 04:41:35',5),(1172,'OK','2012-03-26 04:41:35',5),(1173,'OK','2012-03-26 04:41:35',4),(1174,'OK','2012-03-26 04:41:36',4),(1175,'OK','2012-03-26 04:41:36',4),(1176,'OK','2012-03-26 04:41:37',6),(1177,'OK','2012-03-26 04:41:37',8),(1178,'OK','2012-03-26 04:41:37',3),(1179,'OK','2012-03-26 04:41:38',3),(1180,'OK','2012-03-26 04:41:38',6),(1181,'OK','2012-03-26 04:41:39',3),(1182,'OK','2012-03-26 04:41:39',4),(1183,'OK','2012-03-26 04:41:40',1),(1184,'OK','2012-03-26 04:41:40',7),(1185,'OK','2012-03-26 04:41:41',4),(1186,'OK','2012-03-26 04:41:41',5),(1187,'OK','2012-03-26 04:41:41',4),(1188,'OK','2012-03-26 04:41:41',6),(1189,'OK','2012-03-26 04:41:42',8),(1190,'OK','2012-03-26 04:41:42',6),(1191,'OK','2012-03-26 04:41:43',7),(1192,'OK','2012-03-26 04:41:43',6),(1193,'OK','2012-03-26 04:41:46',7),(1194,'OK','2012-03-26 04:41:49',3),(1195,'OK','2012-03-26 04:41:51',6),(1196,'OK','2012-03-26 04:41:53',7),(1197,'OK','2012-03-26 04:41:57',8),(1198,'OK','2012-03-26 04:42:00',8),(1199,'OK','2012-03-26 04:42:03',4),(1200,'OK','2012-03-26 04:42:09',8),(1201,'OK','2012-03-26 04:42:12',7),(1202,'OK','2012-03-26 04:42:14',6),(1203,'OK','2012-03-26 04:42:16',7),(1204,'OK','2012-03-26 04:42:19',8),(1205,'OK','2012-03-26 04:42:21',8),(1206,'OK','2012-03-26 04:42:26',3),(1207,'ERROR','2012-03-26 04:42:28',9),(1208,'OK','2012-03-26 04:42:28',4),(1209,'OK','2012-03-26 04:42:30',6),(1210,'OK','2012-03-26 04:42:30',6),(1211,'OK','2012-03-26 04:42:33',7),(1212,'OK','2012-03-26 04:42:33',7),(1213,'OK','2012-03-26 04:42:36',8),(1214,'OK','2012-03-26 04:42:36',7),(1215,'ERROR','2012-03-26 04:42:43',9),(1216,'ERROR','2012-03-26 04:42:44',9),(1217,'OK','2012-03-26 04:42:46',1),(1218,'OK','2012-03-26 04:42:49',1),(1219,'OK','2012-03-26 04:42:51',5),(1220,'ERROR','2012-03-26 04:42:51',9),(1221,'OK','2012-03-26 04:42:53',7),(1222,'OK','2012-03-26 04:42:55',1),(1223,'OK','2012-03-26 04:42:58',1),(1224,'OK','2012-03-26 04:43:00',3),(1225,'OK','2012-03-26 04:43:01',1),(1226,'OK','2012-03-26 04:43:03',4),(1227,'OK','2012-03-26 04:43:04',1),(1228,'OK','2012-03-26 04:43:05',6),(1229,'OK','2012-03-26 04:43:07',5),(1230,'OK','2012-03-26 04:43:08',7),(1231,'OK','2012-03-26 04:43:09',5),(1232,'OK','2012-03-26 04:43:13',8),(1233,'OK','2012-03-26 04:43:15',3),(1234,'ERROR','2012-03-26 04:43:16',9),(1235,'OK','2012-03-26 04:43:17',4),(1236,'OK','2012-03-26 04:43:18',3),(1237,'OK','2012-03-26 04:43:19',6),(1238,'OK','2012-03-26 04:43:20',8),(1239,'OK','2012-03-26 04:43:21',7),(1240,'OK','2012-03-26 04:43:22',1),(1241,'OK','2012-03-26 04:43:23',8),(1242,'OK','2012-03-26 04:43:24',4),(1243,'OK','2012-03-26 04:43:26',3),(1244,'OK','2012-03-26 04:43:29',8),(1245,'ERROR','2012-03-26 04:43:30',9),(1246,'OK','2012-03-26 04:43:31',1),(1247,'OK','2012-03-26 04:43:32',1),(1248,'OK','2012-03-26 04:43:35',1),(1249,'OK','2012-03-26 04:43:37',5),(1250,'ERROR','2012-03-26 04:43:38',9),(1251,'OK','2012-03-26 04:43:40',3),(1252,'OK','2012-03-26 04:43:42',5),(1253,'OK','2012-03-26 04:43:45',3),(1254,'OK','2012-03-26 04:43:47',7),(1255,'OK','2012-03-26 04:43:50',4),(1256,'OK','2012-03-26 04:43:52',4),(1257,'OK','2012-03-26 04:43:57',3),(1258,'OK','2012-03-26 04:43:59',4),(1259,'OK','2012-03-26 04:44:02',6),(1260,'OK','2012-03-26 04:44:04',7),(1261,'OK','2012-03-26 04:44:06',8),(1262,'ERROR','2012-03-26 04:44:13',9),(1263,'OK','2012-03-26 04:44:16',1),(1264,'OK','2012-03-26 04:44:19',1),(1265,'OK','2012-03-26 04:44:21',5),(1266,'OK','2012-03-26 04:44:30',3),(1267,'OK','2012-03-26 04:44:32',4),(1268,'OK','2012-03-26 04:44:34',6),(1269,'OK','2012-03-26 04:44:37',7),(1270,'OK','2012-03-26 04:44:39',8),(1271,'ERROR','2012-03-26 04:44:50',9),(1272,'OK','2012-03-26 04:44:53',1),(1273,'OK','2012-03-26 04:44:56',1),(1274,'OK','2012-03-26 04:44:58',5),(1275,'OK','2012-03-26 04:45:00',3),(1276,'OK','2012-03-26 04:45:02',4),(1277,'OK','2012-03-26 04:45:04',3),(1278,'OK','2012-03-26 04:45:06',6),(1279,'OK','2012-03-26 04:45:08',4),(1280,'OK','2012-03-26 04:45:10',6),(1281,'OK','2012-03-26 04:45:13',7),(1282,'OK','2012-03-26 04:45:15',8),(1283,'OK','2012-03-26 04:45:17',7),(1284,'OK','2012-03-26 04:45:20',8),(1285,'ERROR','2012-03-26 04:45:27',9),(1286,'OK','2012-03-26 04:45:30',1),(1287,'OK','2012-03-26 04:45:32',1),(1288,'ERROR','2012-03-26 04:45:39',9),(1289,'OK','2012-03-26 04:45:41',5),(1290,'OK','2012-03-26 04:45:46',3),(1291,'OK','2012-03-26 04:45:48',4),(1292,'OK','2012-03-26 04:45:50',6),(1293,'OK','2012-03-26 04:45:53',7),(1294,'OK','2012-03-26 04:45:55',8),(1295,'ERROR','2012-03-26 04:46:02',9),(1296,'OK','2012-03-26 04:46:04',1),(1297,'OK','2012-03-26 04:46:07',1),(1298,'OK','2012-03-26 04:46:09',5),(1299,'OK','2012-03-26 04:46:18',3),(1300,'OK','2012-03-26 04:46:20',4),(1301,'OK','2012-03-26 04:46:23',6),(1302,'OK','2012-03-26 04:46:25',7),(1303,'OK','2012-03-26 04:46:28',8),(1304,'ERROR','2012-03-26 04:46:39',9),(1305,'OK','2012-03-26 04:46:42',1),(1306,'OK','2012-03-26 04:46:44',1),(1307,'OK','2012-03-26 04:46:46',5),(1308,'OK','2012-03-26 04:46:49',3),(1309,'OK','2012-03-26 04:46:51',3),(1310,'OK','2012-03-26 04:46:53',4),(1311,'OK','2012-03-27 08:07:01',1),(1312,'OK','2012-03-27 08:07:02',1),(1313,'OK','2012-03-27 08:07:03',2),(1314,'OK','2012-03-27 08:07:03',2),(1315,'OK','2012-03-27 08:07:04',3),(1316,'OK','2012-03-27 08:07:04',3),(1317,'OK','2012-03-27 08:07:05',4),(1318,'OK','2012-03-27 08:07:05',4),(1319,'OK','2012-03-27 08:07:05',5),(1320,'OK','2012-03-27 08:07:05',5),(1321,'OK','2012-03-27 08:07:05',6),(1322,'OK','2012-03-27 08:07:06',6),(1323,'OK','2012-03-27 08:07:06',7),(1324,'OK','2012-03-27 08:07:07',7),(1325,'OK','2012-03-27 08:07:07',8),(1326,'OK','2012-03-27 08:07:08',8),(1327,'ERROR','2012-03-27 08:07:13',9),(1328,'ERROR','2012-03-27 08:07:19',9);
/*!40000 ALTER TABLE `checks` ENABLE KEYS */;
UNLOCK TABLES;

--
-- Dumping data for table `client`
--

LOCK TABLES `client` WRITE;
/*!40000 ALTER TABLE `client` DISABLE KEYS */;
INSERT INTO `client` (`id`, `title`) VALUES (1,'Weber'),(2,'Coolpink'),(3,'DFS');
/*!40000 ALTER TABLE `client` ENABLE KEYS */;
UNLOCK TABLES;

--
-- Dumping data for table `path`
--

LOCK TABLES `path` WRITE;
/*!40000 ALTER TABLE `path` DISABLE KEYS */;
/*!40000 ALTER TABLE `path` ENABLE KEYS */;
UNLOCK TABLES;

--
-- Dumping data for table `project`
--

LOCK TABLES `project` WRITE;
/*!40000 ALTER TABLE `project` DISABLE KEYS */;
INSERT INTO `project` (`id`, `domain`, `client_id`) VALUES (1,'weberexperience.co.uk',1),(2,'weberexperience.co.uk',1),(3,'coolpink.net',2),(4,'coolpinkprojects.net',2),(5,'grillacademy.co.uk',1),(6,'dfs.co.uk',3),(7,'89.234.28.132',3),(8,'92.52.117.116',3),(9,'89.234.28.133',3);
/*!40000 ALTER TABLE `project` ENABLE KEYS */;
UNLOCK TABLES;

--
-- Dumping data for table `project_has_team_member`
--

LOCK TABLES `project_has_team_member` WRITE;
/*!40000 ALTER TABLE `project_has_team_member` DISABLE KEYS */;
INSERT INTO `project_has_team_member` (`project_id`, `team_member_id`) VALUES (1,1),(2,1),(5,1),(6,1),(7,1),(8,1),(9,1),(1,2);
/*!40000 ALTER TABLE `project_has_team_member` ENABLE KEYS */;
UNLOCK TABLES;

--
-- Dumping data for table `sf_guard_forgot_password`
--

LOCK TABLES `sf_guard_forgot_password` WRITE;
/*!40000 ALTER TABLE `sf_guard_forgot_password` DISABLE KEYS */;
/*!40000 ALTER TABLE `sf_guard_forgot_password` ENABLE KEYS */;
UNLOCK TABLES;

--
-- Dumping data for table `sf_guard_group`
--

LOCK TABLES `sf_guard_group` WRITE;
/*!40000 ALTER TABLE `sf_guard_group` DISABLE KEYS */;
INSERT INTO `sf_guard_group` (`id`, `name`, `description`, `created_at`, `updated_at`) VALUES (1,'admin','Administrator group','2012-02-02 21:14:16','2012-02-02 21:14:16');
/*!40000 ALTER TABLE `sf_guard_group` ENABLE KEYS */;
UNLOCK TABLES;

--
-- Dumping data for table `sf_guard_group_permission`
--

LOCK TABLES `sf_guard_group_permission` WRITE;
/*!40000 ALTER TABLE `sf_guard_group_permission` DISABLE KEYS */;
INSERT INTO `sf_guard_group_permission` (`group_id`, `permission_id`, `created_at`, `updated_at`) VALUES (1,1,'2012-02-02 21:14:16','2012-02-02 21:14:16');
/*!40000 ALTER TABLE `sf_guard_group_permission` ENABLE KEYS */;
UNLOCK TABLES;

--
-- Dumping data for table `sf_guard_permission`
--

LOCK TABLES `sf_guard_permission` WRITE;
/*!40000 ALTER TABLE `sf_guard_permission` DISABLE KEYS */;
INSERT INTO `sf_guard_permission` (`id`, `name`, `description`, `created_at`, `updated_at`) VALUES (1,'admin','Administrator permission','2012-02-02 21:14:16','2012-02-02 21:14:16');
/*!40000 ALTER TABLE `sf_guard_permission` ENABLE KEYS */;
UNLOCK TABLES;

--
-- Dumping data for table `sf_guard_remember_key`
--

LOCK TABLES `sf_guard_remember_key` WRITE;
/*!40000 ALTER TABLE `sf_guard_remember_key` DISABLE KEYS */;
/*!40000 ALTER TABLE `sf_guard_remember_key` ENABLE KEYS */;
UNLOCK TABLES;

--
-- Dumping data for table `sf_guard_user`
--

LOCK TABLES `sf_guard_user` WRITE;
/*!40000 ALTER TABLE `sf_guard_user` DISABLE KEYS */;
INSERT INTO `sf_guard_user` (`id`, `first_name`, `last_name`, `email_address`, `username`, `algorithm`, `salt`, `password`, `is_active`, `is_super_admin`, `last_login`, `created_at`, `updated_at`) VALUES (1,'John','Doe','john.doe@gmail.com','admin','sha1','d0a5f0fcee0efde0935024a20f2a21c3','766613af0602e375434c0ecee2f7d06e6f657ec5',1,1,'2012-03-27 08:07:35','2012-02-02 21:14:16','2012-03-27 08:07:35');
/*!40000 ALTER TABLE `sf_guard_user` ENABLE KEYS */;
UNLOCK TABLES;

--
-- Dumping data for table `sf_guard_user_group`
--

LOCK TABLES `sf_guard_user_group` WRITE;
/*!40000 ALTER TABLE `sf_guard_user_group` DISABLE KEYS */;
INSERT INTO `sf_guard_user_group` (`user_id`, `group_id`, `created_at`, `updated_at`) VALUES (1,1,'2012-02-02 21:14:16','2012-02-02 21:14:16');
/*!40000 ALTER TABLE `sf_guard_user_group` ENABLE KEYS */;
UNLOCK TABLES;

--
-- Dumping data for table `sf_guard_user_permission`
--

LOCK TABLES `sf_guard_user_permission` WRITE;
/*!40000 ALTER TABLE `sf_guard_user_permission` DISABLE KEYS */;
/*!40000 ALTER TABLE `sf_guard_user_permission` ENABLE KEYS */;
UNLOCK TABLES;

--
-- Dumping data for table `team_member`
--

LOCK TABLES `team_member` WRITE;
/*!40000 ALTER TABLE `team_member` DISABLE KEYS */;
INSERT INTO `team_member` (`id`, `name`, `email`, `telephone`) VALUES (1,'Dave Walker','dave@coolpink.net',''),(2,'Jenny Taylor','jenny.taylor@coolpink.net','');
/*!40000 ALTER TABLE `team_member` ENABLE KEYS */;
UNLOCK TABLES;
/*!40103 SET TIME_ZONE=@OLD_TIME_ZONE */;

/*!40101 SET SQL_MODE=@OLD_SQL_MODE */;
/*!40014 SET FOREIGN_KEY_CHECKS=@OLD_FOREIGN_KEY_CHECKS */;
/*!40014 SET UNIQUE_CHECKS=@OLD_UNIQUE_CHECKS */;
/*!40101 SET CHARACTER_SET_CLIENT=@OLD_CHARACTER_SET_CLIENT */;
/*!40101 SET CHARACTER_SET_RESULTS=@OLD_CHARACTER_SET_RESULTS */;
/*!40101 SET COLLATION_CONNECTION=@OLD_COLLATION_CONNECTION */;
/*!40111 SET SQL_NOTES=@OLD_SQL_NOTES */;

-- Dump completed on 2012-03-27  9:08:25
